<?xml version="1.0" encoding="UTF-8"?>
<dictionaries version="1.0"><dictionary id="lb"><name>Lëtzebuergesch</name><size>244681</size></dictionary><dictionary id="gd"><name>Gàidhlig</name><size>479598</size></dictionary><dictionary id="de"><name>Deutsch</name><size>820320</size></dictionary><dictionary id="de-at"><name>Deutsch (Österreich)</name><size>821141</size></dictionary><dictionary id="de-ch"><name>Deutsch (Schweiz)</name><size>819781</size></dictionary><dictionary id="nl"><name>Nederlands</name><size>637279</size></dictionary><dictionary id="vi"><name>Tiếng Việt</name><size>24044</size></dictionary><dictionary id="uk"><name>Українська</name><size>457306</size></dictionary><dictionary id="tr"><name>Türkçe</name><size>3342614</size></dictionary><dictionary id="th"><name>ภาษาไทย</name><size>165094</size></dictionary><dictionary id="ta"><name>தமிழ</name><size>63930</size></dictionary><dictionary id="sv"><name>Svenska</name><size>263025</size></dictionary><dictionary id="sr"><name>Српски</name><size>651610</size></dictionary><dictionary id="sl"><name>Slovenščina</name><size>1195206</size></dictionary><dictionary id="sk"><name>Slovenčina</name><size>657502</size></dictionary><dictionary id="sh"><name>Srpskohrvatski</name><size>550035</size></dictionary><dictionary id="ru"><name>Русский</name><size>522288</size></dictionary><dictionary id="ro"><name>Română</name><size>540468</size></dictionary><dictionary id="pt"><name>Português (Portugal)</name><size>232799</size></dictionary><dictionary id="pt-br"><name>Português (Brasil)</name><size>1318377</size></dictionary><dictionary id="pl"><name>Polski</name><size>1147630</size></dictionary><dictionary id="nn"><name>Nynorsk</name><size>848200</size></dictionary><dictionary id="nb"><name>Norsk Bokmål</name><size>1340347</size></dictionary><dictionary id="lv"><name>Latviešu</name><size>845629</size></dictionary><dictionary id="mk"><name>Македонски</name><size>645771</size></dictionary><dictionary id="lt"><name>Lietuvių</name><size>362668</size></dictionary><dictionary id="la"><name>Latina</name><size>160100</size></dictionary><dictionary id="kk"><name>Қазақ тілі</name><size>231925</size></dictionary><dictionary id="it"><name>Italiano</name><size>415826</size></dictionary><dictionary id="id"><name>Bahasa Indonesia</name><size>124655</size></dictionary><dictionary id="hu"><name>Magyar</name><size>716680</size></dictionary><dictionary id="hy"><name>Հայերեն</name><size>453875</size></dictionary><dictionary id="hr"><name>Hrvatski</name><size>757111</size></dictionary><dictionary id="hi"><name>हिन्दी</name><size>69764</size></dictionary><dictionary id="he"><name>עִבְרִית</name><size>815706</size></dictionary><dictionary id="fy"><name>Frysk</name><size>141553</size></dictionary><dictionary id="fr"><name>Français</name><size>282367</size></dictionary><dictionary id="eu"><name>Euskara</name><size>483897</size></dictionary><dictionary id="et"><name>Eesti</name><size>890501</size></dictionary><dictionary id="es-mx"><name>Español (Mexico)</name><size>294557</size></dictionary><dictionary id="es-la"><name>Español (América)</name><size>333482</size></dictionary><dictionary id="es-es"><name>Español (España)</name><size>318167</size></dictionary><dictionary id="es-ar"><name>Español (Argentina)</name><size>316975</size></dictionary><dictionary id="en"><name>English (US)</name><size>259946</size></dictionary><dictionary id="en-za"><name>English (South Africa)</name><size>289312</size></dictionary><dictionary id="en-gb"><name>English (UK)</name><size>259340</size></dictionary><dictionary id="el"><name>Ελληνικά</name><size>1588813</size></dictionary><dictionary id="da"><name>Dansk</name><size>567808</size></dictionary><dictionary id="cs"><name>Český</name><size>620738</size></dictionary><dictionary id="ca"><name>Català</name><size>354009</size></dictionary><dictionary id="af"><name>Afrikaans</name><size>609948</size></dictionary><dictionary id="bg"><name>Български</name><size>266409</size></dictionary><dictionary id="ar"><name>العربية</name><size>319699</size></dictionary></dictionaries>
